[
  {
    "ARN": "arn:aws:ssm:eu-west-3::parameter/aws/service/ami-amazon-linux-latest/al2022-ami-kernel-default-x86_64",
    "DataType": "text",
    "LastModifiedDate": 1667590625.608,
    "Name": "/aws/service/ami-amazon-linux-latest/al2022-ami-kernel-default-x86_64",
    "Type": "String",
    "Value": "ami-0831d3fcf320553ad",
    "Version": 18
  },
  {
    "ARN": "arn:aws:ssm:eu-west-3::parameter/aws/service/ami-amazon-linux-latest/al2022-ami-minimal-kernel-5.15-x86_64",
    "DataType": "text",
    "LastModifiedDate": 1667590625.216,
    "Name": "/aws/service/ami-amazon-linux-latest/al2022-ami-minimal-kernel-5.15-x86_64",
    "Type": "String",
    "Value": "ami-021f1688a22dea628",
    "Version": 19
  },
  {
    "ARN": "arn:aws:ssm:eu-west-3::parameter/aws/service/ami-amazon-linux-latest/amzn-ami-hvm-x86_64-ebs",
    "DataType": "text",
    "LastModifiedDate": 1667494966.856,
    "Name": "/aws/service/ami-amazon-linux-latest/amzn-ami-hvm-x86_64-ebs",
    "Type": "String",
    "Value": "ami-01aad1ad4f08e24e4",
    "Version": 50
  },
  {
    "ARN": "arn:aws:ssm:eu-west-3::parameter/aws/service/ami-amazon-linux-latest/amzn-ami-hvm-x86_64-gp2",
    "DataType": "text",
    "LastModifiedDate": 1667494967.066,
    "Name": "/aws/service/ami-amazon-linux-latest/amzn-ami-hvm-x86_64-gp2",
    "Type": "String",
    "Value": "ami-0a092e832c13136f3",
    "Version": 50
  },
  {
    "ARN": "arn:aws:ssm:eu-west-3::parameter/aws/service/ami-amazon-linux-latest/amzn-ami-hvm-x86_64-s3",
    "DataType": "text",
    "LastModifiedDate": 1667494967.257,
    "Name": "/aws/service/ami-amazon-linux-latest/amzn-ami-hvm-x86_64-s3",
    "Type": "String",
    "Value": "ami-0cefe434fcc3d36f4",
    "Version": 50
  },
  {
    "ARN": "arn:aws:ssm:eu-west-3::parameter/aws/service/ami-amazon-linux-latest/amzn-ami-minimal-hvm-x86_64-s3",
    "DataType": "text",
    "LastModifiedDate": 1667494967.654,
    "Name": "/aws/service/ami-amazon-linux-latest/amzn-ami-minimal-hvm-x86_64-s3",
    "Type": "String",
    "Value": "ami-005889b722c335fbd",
    "Version": 50
  },
  {
    "ARN": "arn:aws:ssm:eu-west-3::parameter/aws/service/ami-amazon-linux-latest/amzn2-ami-hvm-arm64-gp2",
    "DataType": "text",
    "LastModifiedDate": 1668621018.557,
    "Name": "/aws/service/ami-amazon-linux-latest/amzn2-ami-hvm-arm64-gp2",
    "Type": "String",
    "Value": "ami-08bb5ae28ea49b8f4",
    "Version": 43
  },
  {
    "ARN": "arn:aws:ssm:eu-west-3::parameter/aws/service/ami-amazon-linux-latest/amzn2-ami-hvm-x86_64-ebs",
    "DataType": "text",
    "LastModifiedDate": 1668621018.771,
    "Name": "/aws/service/ami-amazon-linux-latest/amzn2-ami-hvm-x86_64-ebs",
    "Type": "String",
    "Value": "ami-0f7ae306040d67a2d",
    "Version": 76
  },
  {
    "ARN": "arn:aws:ssm:eu-west-3::parameter/aws/service/ami-amazon-linux-latest/amzn2-ami-hvm-x86_64-gp2",
    "DataType": "text",
    "LastModifiedDate": 1668621018.995,
    "Name": "/aws/service/ami-amazon-linux-latest/amzn2-ami-hvm-x86_64-gp2",
    "Type": "String",
    "Value": "ami-03c2abbbe8af9a7e6",
    "Version": 76
  },
  {
    "ARN": "arn:aws:ssm:eu-west-3::parameter/aws/service/ami-amazon-linux-latest/amzn2-ami-kernel-5.10-hvm-x86_64-ebs",
    "DataType": "text",
    "LastModifiedDate": 1668621019.398,
    "Name": "/aws/service/ami-amazon-linux-latest/amzn2-ami-kernel-5.10-hvm-x86_64-ebs",
    "Type": "String",
    "Value": "ami-01595d0f1eed7a350",
    "Version": 27
  },
  {
    "ARN": "arn:aws:ssm:eu-west-3::parameter/aws/service/ami-amazon-linux-latest/al2022-ami-kernel-5.15-arm64",
    "DataType": "text",
    "LastModifiedDate": 1667590624.604,
    "Name": "/aws/service/ami-amazon-linux-latest/al2022-ami-kernel-5.15-arm64",
    "Type": "String",
    "Value": "ami-03602f10032f51309",
    "Version": 15
  },
  {
    "ARN": "arn:aws:ssm:eu-west-3::parameter/aws/service/ami-amazon-linux-latest/al2022-ami-kernel-5.15-x86_64",
    "DataType": "text",
    "LastModifiedDate": 1667590624.824,
    "Name": "/aws/service/ami-amazon-linux-latest/al2022-ami-kernel-5.15-x86_64",
    "Type": "String",
    "Value": "ami-0831d3fcf320553ad",
    "Version": 19
  },
  {
    "ARN": "arn:aws:ssm:eu-west-3::parameter/aws/service/ami-amazon-linux-latest/al2022-ami-kernel-default-arm64",
    "DataType": "text",
    "LastModifiedDate": 1667590625.396,
    "Name": "/aws/service/ami-amazon-linux-latest/al2022-ami-kernel-default-arm64",
    "Type": "String",
    "Value": "ami-03602f10032f51309",
    "Version": 15
  },
  {
    "ARN": "arn:aws:ssm:eu-west-3::parameter/aws/service/ami-amazon-linux-latest/al2022-ami-minimal-kernel-5.15-arm64",
    "DataType": "text",
    "LastModifiedDate": 1667590625.02,
    "Name": "/aws/service/ami-amazon-linux-latest/al2022-ami-minimal-kernel-5.15-arm64",
    "Type": "String",
    "Value": "ami-0fff8550aa58efadd",
    "Version": 15
  },
  {
    "ARN": "arn:aws:ssm:eu-west-3::parameter/aws/service/ami-amazon-linux-latest/al2022-ami-minimal-kernel-default-arm64",
    "DataType": "text",
    "LastModifiedDate": 1667590625.825,
    "Name": "/aws/service/ami-amazon-linux-latest/al2022-ami-minimal-kernel-default-arm64",
    "Type": "String",
    "Value": "ami-0fff8550aa58efadd",
    "Version": 15
  },
  {
    "ARN": "arn:aws:ssm:eu-west-3::parameter/aws/service/ami-amazon-linux-latest/al2022-ami-minimal-kernel-default-x86_64",
    "DataType": "text",
    "LastModifiedDate": 1667590626.041,
    "Name": "/aws/service/ami-amazon-linux-latest/al2022-ami-minimal-kernel-default-x86_64",
    "Type": "String",
    "Value": "ami-021f1688a22dea628",
    "Version": 18
  },
  {
    "ARN": "arn:aws:ssm:eu-west-3::parameter/aws/service/ami-amazon-linux-latest/amzn-ami-minimal-hvm-x86_64-ebs",
    "DataType": "text",
    "LastModifiedDate": 1667494967.463,
    "Name": "/aws/service/ami-amazon-linux-latest/amzn-ami-minimal-hvm-x86_64-ebs",
    "Type": "String",
    "Value": "ami-057ebfd0103f0bf21",
    "Version": 50
  },
  {
    "ARN": "arn:aws:ssm:eu-west-3::parameter/aws/service/ami-amazon-linux-latest/amzn2-ami-kernel-5.10-hvm-arm64-gp2",
    "DataType": "text",
    "LastModifiedDate": 1668621019.198,
    "Name": "/aws/service/ami-amazon-linux-latest/amzn2-ami-kernel-5.10-hvm-arm64-gp2",
    "Type": "String",
    "Value": "ami-0fbfbf639d61f8366",
    "Version": 27
  },
  {
    "ARN": "arn:aws:ssm:eu-west-3::parameter/aws/service/ami-amazon-linux-latest/amzn2-ami-kernel-5.10-hvm-x86_64-gp2",
    "DataType": "text",
    "LastModifiedDate": 1668621019.594,
    "Name": "/aws/service/ami-amazon-linux-latest/amzn2-ami-kernel-5.10-hvm-x86_64-gp2",
    "Type": "String",
    "Value": "ami-0f15e0a4c8d3ee5fe",
    "Version": 27
  },
  {
    "ARN": "arn:aws:ssm:eu-west-3::parameter/aws/service/ami-amazon-linux-latest/amzn2-ami-minimal-hvm-arm64-ebs",
    "DataType": "text",
    "LastModifiedDate": 1668621019.781,
    "Name": "/aws/service/ami-amazon-linux-latest/amzn2-ami-minimal-hvm-arm64-ebs",
    "Type": "String",
    "Value": "ami-0d361fd2352d4f3ca",
    "Version": 43
  },
  {
    "ARN": "arn:aws:ssm:eu-west-3::parameter/aws/service/ami-amazon-linux-latest/amzn2-ami-minimal-hvm-x86_64-ebs",
    "DataType": "text",
    "LastModifiedDate": 1668621019.978,
    "Name": "/aws/service/ami-amazon-linux-latest/amzn2-ami-minimal-hvm-x86_64-ebs",
    "Type": "String",
    "Value": "ami-044f0238f5705cc89",
    "Version": 76
  }
]