[
  {
    "ARN": "arn:aws:ssm:us-east-1::parameter/aws/service/ami-amazon-linux-latest/al2022-ami-kernel-default-x86_64",
    "DataType": "text",
    "LastModifiedDate": 1667590631.208,
    "Name": "/aws/service/ami-amazon-linux-latest/al2022-ami-kernel-default-x86_64",
    "Type": "String",
    "Value": "ami-01885aee98e2e5448",
    "Version": 18
  },
  {
    "ARN": "arn:aws:ssm:us-east-1::parameter/aws/service/ami-amazon-linux-latest/al2022-ami-minimal-kernel-5.15-x86_64",
    "DataType": "text",
    "LastModifiedDate": 1667590630.964,
    "Name": "/aws/service/ami-amazon-linux-latest/al2022-ami-minimal-kernel-5.15-x86_64",
    "Type": "String",
    "Value": "ami-0b817eb691f9df763",
    "Version": 19
  },
  {
    "ARN": "arn:aws:ssm:us-east-1::parameter/aws/service/ami-amazon-linux-latest/amzn-ami-hvm-x86_64-ebs",
    "DataType": "text",
    "LastModifiedDate": 1667494972.472,
    "Name": "/aws/service/ami-amazon-linux-latest/amzn-ami-hvm-x86_64-ebs",
    "Type": "String",
    "Value": "ami-0fec9a6d5b114fb0b",
    "Version": 49
  },
  {
    "ARN": "arn:aws:ssm:us-east-1::parameter/aws/service/ami-amazon-linux-latest/amzn-ami-hvm-x86_64-gp2",
    "DataType": "text",
    "LastModifiedDate": 1667494972.609,
    "Name": "/aws/service/ami-amazon-linux-latest/amzn-ami-hvm-x86_64-gp2",
    "Type": "String",
    "Value": "ami-01a73f51321ab6899",
    "Version": 49
  },
  {
    "ARN": "arn:aws:ssm:us-east-1::parameter/aws/service/ami-amazon-linux-latest/amzn-ami-hvm-x86_64-s3",
    "DataType": "text",
    "LastModifiedDate": 1667494972.741,
    "Name": "/aws/service/ami-amazon-linux-latest/amzn-ami-hvm-x86_64-s3",
    "Type": "String",
    "Value": "ami-0a49622bb692519fa",
    "Version": 49
  },
  {
    "ARN": "arn:aws:ssm:us-east-1::parameter/aws/service/ami-amazon-linux-latest/amzn-ami-minimal-hvm-x86_64-s3",
    "DataType": "text",
    "LastModifiedDate": 1667494973.0,
    "Name": "/aws/service/ami-amazon-linux-latest/amzn-ami-minimal-hvm-x86_64-s3",
    "Type": "String",
    "Value": "ami-08cf98c7ebd106879",
    "Version": 49
  },
  {
    "ARN": "arn:aws:ssm:us-east-1::parameter/aws/service/ami-amazon-linux-latest/amzn2-ami-hvm-arm64-gp2",
    "DataType": "text",
    "LastModifiedDate": 1668621025.605,
    "Name": "/aws/service/ami-amazon-linux-latest/amzn2-ami-hvm-arm64-gp2",
    "Type": "String",
    "Value": "ami-09f1f9580deeec186",
    "Version": 61
  },
  {
    "ARN": "arn:aws:ssm:us-east-1::parameter/aws/service/ami-amazon-linux-latest/amzn2-ami-hvm-x86_64-ebs",
    "DataType": "text",
    "LastModifiedDate": 1668621025.739,
    "Name": "/aws/service/ami-amazon-linux-latest/amzn2-ami-hvm-x86_64-ebs",
    "Type": "String",
    "Value": "ami-0c67b76d97c444cd1",
    "Version": 74
  },
  {
    "ARN": "arn:aws:ssm:us-east-1::parameter/aws/service/ami-amazon-linux-latest/amzn2-ami-hvm-x86_64-gp2",
    "DataType": "text",
    "LastModifiedDate": 1668621025.864,
    "Name": "/aws/service/ami-amazon-linux-latest/amzn2-ami-hvm-x86_64-gp2",
    "Type": "String",
    "Value": "ami-02b972fec07f1e659",
    "Version": 75
  },
  {
    "ARN": "arn:aws:ssm:us-east-1::parameter/aws/service/ami-amazon-linux-latest/amzn2-ami-kernel-5.10-hvm-x86_64-ebs",
    "DataType": "text",
    "LastModifiedDate": 1668621026.155,
    "Name": "/aws/service/ami-amazon-linux-latest/amzn2-ami-kernel-5.10-hvm-x86_64-ebs",
    "Type": "String",
    "Value": "ami-06facf562c3fc763a",
    "Version": 27
  },
  {
    "ARN": "arn:aws:ssm:us-east-1::parameter/aws/service/ami-amazon-linux-latest/al2022-ami-kernel-5.15-x86_64",
    "DataType": "text",
    "LastModifiedDate": 1667590630.692,
    "Name": "/aws/service/ami-amazon-linux-latest/al2022-ami-kernel-5.15-x86_64",
    "Type": "String",
    "Value": "ami-01885aee98e2e5448",
    "Version": 19
  },
  {
    "ARN": "arn:aws:ssm:us-east-1::parameter/aws/service/ami-amazon-linux-latest/al2022-ami-minimal-kernel-5.15-arm64",
    "DataType": "text",
    "LastModifiedDate": 1667590630.829,
    "Name": "/aws/service/ami-amazon-linux-latest/al2022-ami-minimal-kernel-5.15-arm64",
    "Type": "String",
    "Value": "ami-0e8b9b04f519e82a3",
    "Version": 15
  },
  {
    "ARN": "arn:aws:ssm:us-east-1::parameter/aws/service/ami-amazon-linux-latest/al2022-ami-minimal-kernel-default-x86_64",
    "DataType": "text",
    "LastModifiedDate": 1667590631.48,
    "Name": "/aws/service/ami-amazon-linux-latest/al2022-ami-minimal-kernel-default-x86_64",
    "Type": "String",
    "Value": "ami-0b817eb691f9df763",
    "Version": 18
  },
  {
    "ARN": "arn:aws:ssm:us-east-1::parameter/aws/service/ami-amazon-linux-latest/amzn-ami-minimal-hvm-x86_64-ebs",
    "DataType": "text",
    "LastModifiedDate": 1667494972.868,
    "Name": "/aws/service/ami-amazon-linux-latest/amzn-ami-minimal-hvm-x86_64-ebs",
    "Type": "String",
    "Value": "ami-0df17c76c2f2c426d",
    "Version": 49
  },
  {
    "ARN": "arn:aws:ssm:us-east-1::parameter/aws/service/ami-amazon-linux-latest/amzn-ami-minimal-pv-x86_64-ebs",
    "DataType": "text",
    "LastModifiedDate": 1667494973.132,
    "Name": "/aws/service/ami-amazon-linux-latest/amzn-ami-minimal-pv-x86_64-ebs",
    "Type": "String",
    "Value": "ami-0d6e87a8dcd0ba59a",
    "Version": 49
  },
  {
    "ARN": "arn:aws:ssm:us-east-1::parameter/aws/service/ami-amazon-linux-latest/amzn-ami-minimal-pv-x86_64-s3",
    "DataType": "text",
    "LastModifiedDate": 1667494973.26,
    "Name": "/aws/service/ami-amazon-linux-latest/amzn-ami-minimal-pv-x86_64-s3",
    "Type": "String",
    "Value": "ami-058a660c3dfc99f4b",
    "Version": 49
  },
  {
    "ARN": "arn:aws:ssm:us-east-1::parameter/aws/service/ami-amazon-linux-latest/amzn-ami-pv-x86_64-s3",
    "DataType": "text",
    "LastModifiedDate": 1667494973.566,
    "Name": "/aws/service/ami-amazon-linux-latest/amzn-ami-pv-x86_64-s3",
    "Type": "String",
    "Value": "ami-0eb813133d1375c2a",
    "Version": 49
  },
  {
    "ARN": "arn:aws:ssm:us-east-1::parameter/aws/service/ami-amazon-linux-latest/amzn2-ami-kernel-5.10-hvm-arm64-gp2",
    "DataType": "text",
    "LastModifiedDate": 1668621026.026,
    "Name": "/aws/service/ami-amazon-linux-latest/amzn2-ami-kernel-5.10-hvm-arm64-gp2",
    "Type": "String",
    "Value": "ami-01b5ec3ed8678d8b7",
    "Version": 27
  },
  {
    "ARN": "arn:aws:ssm:us-east-1::parameter/aws/service/ami-amazon-linux-latest/amzn2-ami-kernel-5.10-hvm-x86_64-gp2",
    "DataType": "text",
    "LastModifiedDate": 1668621026.288,
    "Name": "/aws/service/ami-amazon-linux-latest/amzn2-ami-kernel-5.10-hvm-x86_64-gp2",
    "Type": "String",
    "Value": "ami-0b0dcb5067f052a63",
    "Version": 27
  },
  {
    "ARN": "arn:aws:ssm:us-east-1::parameter/aws/service/ami-amazon-linux-latest/amzn2-ami-minimal-hvm-arm64-ebs",
    "DataType": "text",
    "LastModifiedDate": 1668621026.408,
    "Name": "/aws/service/ami-amazon-linux-latest/amzn2-ami-minimal-hvm-arm64-ebs",
    "Type": "String",
    "Value": "ami-05d8c14465cdd8785",
    "Version": 61
  },
  {
    "ARN": "arn:aws:ssm:us-east-1::parameter/aws/service/ami-amazon-linux-latest/al2022-ami-kernel-5.15-arm64",
    "DataType": "text",
    "LastModifiedDate": 1667590630.551,
    "Name": "/aws/service/ami-amazon-linux-latest/al2022-ami-kernel-5.15-arm64",
    "Type": "String",
    "Value": "ami-062056e0c3f7cae9b",
    "Version": 15
  },
  {
    "ARN": "arn:aws:ssm:us-east-1::parameter/aws/service/ami-amazon-linux-latest/al2022-ami-kernel-default-arm64",
    "DataType": "text",
    "LastModifiedDate": 1667590631.09,
    "Name": "/aws/service/ami-amazon-linux-latest/al2022-ami-kernel-default-arm64",
    "Type": "String",
    "Value": "ami-062056e0c3f7cae9b",
    "Version": 15
  },
  {
    "ARN": "arn:aws:ssm:us-east-1::parameter/aws/service/ami-amazon-linux-latest/al2022-ami-minimal-kernel-default-arm64",
    "DataType": "text",
    "LastModifiedDate": 1667590631.343,
    "Name": "/aws/service/ami-amazon-linux-latest/al2022-ami-minimal-kernel-default-arm64",
    "Type": "String",
    "Value": "ami-0e8b9b04f519e82a3",
    "Version": 15
  },
  {
    "ARN": "arn:aws:ssm:us-east-1::parameter/aws/service/ami-amazon-linux-latest/amzn-ami-pv-x86_64-ebs",
    "DataType": "text",
    "LastModifiedDate": 1667494973.391,
    "Name": "/aws/service/ami-amazon-linux-latest/amzn-ami-pv-x86_64-ebs",
    "Type": "String",
    "Value": "ami-0f33af18c6a32567e",
    "Version": 49
  },
  {
    "ARN": "arn:aws:ssm:us-east-1::parameter/aws/service/ami-amazon-linux-latest/amzn2-ami-minimal-hvm-x86_64-ebs",
    "DataType": "text",
    "LastModifiedDate": 1668621026.524,
    "Name": "/aws/service/ami-amazon-linux-latest/amzn2-ami-minimal-hvm-x86_64-ebs",
    "Type": "String",
    "Value": "ami-0988953751b552218",
    "Version": 74
  }
]