[
  {
    "ARN": "arn:aws:ssm:us-west-1::parameter/aws/service/ami-amazon-linux-latest/al2022-ami-kernel-default-x86_64",
    "DataType": "text",
    "LastModifiedDate": 1667590634.415,
    "Name": "/aws/service/ami-amazon-linux-latest/al2022-ami-kernel-default-x86_64",
    "Type": "String",
    "Value": "ami-0f4e67e32313f0d0e",
    "Version": 18
  },
  {
    "ARN": "arn:aws:ssm:us-west-1::parameter/aws/service/ami-amazon-linux-latest/al2022-ami-minimal-kernel-5.15-x86_64",
    "DataType": "text",
    "LastModifiedDate": 1667590634.284,
    "Name": "/aws/service/ami-amazon-linux-latest/al2022-ami-minimal-kernel-5.15-x86_64",
    "Type": "String",
    "Value": "ami-0b765dfd369842351",
    "Version": 19
  },
  {
    "ARN": "arn:aws:ssm:us-west-1::parameter/aws/service/ami-amazon-linux-latest/amzn-ami-hvm-x86_64-ebs",
    "DataType": "text",
    "LastModifiedDate": 1667494975.677,
    "Name": "/aws/service/ami-amazon-linux-latest/amzn-ami-hvm-x86_64-ebs",
    "Type": "String",
    "Value": "ami-03a156fd62b23ee22",
    "Version": 50
  },
  {
    "ARN": "arn:aws:ssm:us-west-1::parameter/aws/service/ami-amazon-linux-latest/amzn-ami-hvm-x86_64-gp2",
    "DataType": "text",
    "LastModifiedDate": 1667494976.117,
    "Name": "/aws/service/ami-amazon-linux-latest/amzn-ami-hvm-x86_64-gp2",
    "Type": "String",
    "Value": "ami-0af359d09feb8d550",
    "Version": 50
  },
  {
    "ARN": "arn:aws:ssm:us-west-1::parameter/aws/service/ami-amazon-linux-latest/amzn-ami-hvm-x86_64-s3",
    "DataType": "text",
    "LastModifiedDate": 1667494976.769,
    "Name": "/aws/service/ami-amazon-linux-latest/amzn-ami-hvm-x86_64-s3",
    "Type": "String",
    "Value": "ami-051d2979c8677a2e1",
    "Version": 50
  },
  {
    "ARN": "arn:aws:ssm:us-west-1::parameter/aws/service/ami-amazon-linux-latest/amzn-ami-minimal-hvm-x86_64-s3",
    "DataType": "text",
    "LastModifiedDate": 1667494976.896,
    "Name": "/aws/service/ami-amazon-linux-latest/amzn-ami-minimal-hvm-x86_64-s3",
    "Type": "String",
    "Value": "ami-08d3012208fac7ecd",
    "Version": 50
  },
  {
    "ARN": "arn:aws:ssm:us-west-1::parameter/aws/service/ami-amazon-linux-latest/amzn2-ami-hvm-arm64-gp2",
    "DataType": "text",
    "LastModifiedDate": 1668621029.998,
    "Name": "/aws/service/ami-amazon-linux-latest/amzn2-ami-hvm-arm64-gp2",
    "Type": "String",
    "Value": "ami-0bfc61fc58d2552c6",
    "Version": 43
  },
  {
    "ARN": "arn:aws:ssm:us-west-1::parameter/aws/service/ami-amazon-linux-latest/amzn2-ami-hvm-x86_64-ebs",
    "DataType": "text",
    "LastModifiedDate": 1668621030.08,
    "Name": "/aws/service/ami-amazon-linux-latest/amzn2-ami-hvm-x86_64-ebs",
    "Type": "String",
    "Value": "ami-04b2292f0ee4bd50f",
    "Version": 76
  },
  {
    "ARN": "arn:aws:ssm:us-west-1::parameter/aws/service/ami-amazon-linux-latest/amzn2-ami-hvm-x86_64-gp2",
    "DataType": "text",
    "LastModifiedDate": 1668621030.164,
    "Name": "/aws/service/ami-amazon-linux-latest/amzn2-ami-hvm-x86_64-gp2",
    "Type": "String",
    "Value": "ami-0e587da169af43ce1",
    "Version": 76
  },
  {
    "ARN": "arn:aws:ssm:us-west-1::parameter/aws/service/ami-amazon-linux-latest/amzn2-ami-kernel-5.10-hvm-x86_64-ebs",
    "DataType": "text",
    "LastModifiedDate": 1668621030.28,
    "Name": "/aws/service/ami-amazon-linux-latest/amzn2-ami-kernel-5.10-hvm-x86_64-ebs",
    "Type": "String",
    "Value": "ami-09e6655d6f30877a2",
    "Version": 27
  },
  {
    "ARN": "arn:aws:ssm:us-west-1::parameter/aws/service/ami-amazon-linux-latest/al2022-ami-kernel-5.15-x86_64",
    "DataType": "text",
    "LastModifiedDate": 1667590634.135,
    "Name": "/aws/service/ami-amazon-linux-latest/al2022-ami-kernel-5.15-x86_64",
    "Type": "String",
    "Value": "ami-0f4e67e32313f0d0e",
    "Version": 19
  },
  {
    "ARN": "arn:aws:ssm:us-west-1::parameter/aws/service/ami-amazon-linux-latest/al2022-ami-minimal-kernel-5.15-arm64",
    "DataType": "text",
    "LastModifiedDate": 1667590634.209,
    "Name": "/aws/service/ami-amazon-linux-latest/al2022-ami-minimal-kernel-5.15-arm64",
    "Type": "String",
    "Value": "ami-0e78c29de65913257",
    "Version": 15
  },
  {
    "ARN": "arn:aws:ssm:us-west-1::parameter/aws/service/ami-amazon-linux-latest/al2022-ami-minimal-kernel-default-x86_64",
    "DataType": "text",
    "LastModifiedDate": 1667590634.555,
    "Name": "/aws/service/ami-amazon-linux-latest/al2022-ami-minimal-kernel-default-x86_64",
    "Type": "String",
    "Value": "ami-0b765dfd369842351",
    "Version": 18
  },
  {
    "ARN": "arn:aws:ssm:us-west-1::parameter/aws/service/ami-amazon-linux-latest/amzn-ami-minimal-hvm-x86_64-ebs",
    "DataType": "text",
    "LastModifiedDate": 1667494976.818,
    "Name": "/aws/service/ami-amazon-linux-latest/amzn-ami-minimal-hvm-x86_64-ebs",
    "Type": "String",
    "Value": "ami-0464ded709d0b14e5",
    "Version": 50
  },
  {
    "ARN": "arn:aws:ssm:us-west-1::parameter/aws/service/ami-amazon-linux-latest/amzn-ami-minimal-pv-x86_64-ebs",
    "DataType": "text",
    "LastModifiedDate": 1667494976.977,
    "Name": "/aws/service/ami-amazon-linux-latest/amzn-ami-minimal-pv-x86_64-ebs",
    "Type": "String",
    "Value": "ami-0e673c8406c52b230",
    "Version": 50
  },
  {
    "ARN": "arn:aws:ssm:us-west-1::parameter/aws/service/ami-amazon-linux-latest/amzn-ami-minimal-pv-x86_64-s3",
    "DataType": "text",
    "LastModifiedDate": 1667494977.033,
    "Name": "/aws/service/ami-amazon-linux-latest/amzn-ami-minimal-pv-x86_64-s3",
    "Type": "String",
    "Value": "ami-0d863555ed5b8d1ad",
    "Version": 50
  },
  {
    "ARN": "arn:aws:ssm:us-west-1::parameter/aws/service/ami-amazon-linux-latest/amzn-ami-pv-x86_64-s3",
    "DataType": "text",
    "LastModifiedDate": 1667494977.151,
    "Name": "/aws/service/ami-amazon-linux-latest/amzn-ami-pv-x86_64-s3",
    "Type": "String",
    "Value": "ami-0ffc9b9295bf81af0",
    "Version": 50
  },
  {
    "ARN": "arn:aws:ssm:us-west-1::parameter/aws/service/ami-amazon-linux-latest/amzn2-ami-kernel-5.10-hvm-arm64-gp2",
    "DataType": "text",
    "LastModifiedDate": 1668621030.221,
    "Name": "/aws/service/ami-amazon-linux-latest/amzn2-ami-kernel-5.10-hvm-arm64-gp2",
    "Type": "String",
    "Value": "ami-05f157d0d07e733c3",
    "Version": 27
  },
  {
    "ARN": "arn:aws:ssm:us-west-1::parameter/aws/service/ami-amazon-linux-latest/amzn2-ami-kernel-5.10-hvm-x86_64-gp2",
    "DataType": "text",
    "LastModifiedDate": 1668621030.368,
    "Name": "/aws/service/ami-amazon-linux-latest/amzn2-ami-kernel-5.10-hvm-x86_64-gp2",
    "Type": "String",
    "Value": "ami-0f5e8a042c8bfcd5e",
    "Version": 27
  },
  {
    "ARN": "arn:aws:ssm:us-west-1::parameter/aws/service/ami-amazon-linux-latest/amzn2-ami-minimal-hvm-arm64-ebs",
    "DataType": "text",
    "LastModifiedDate": 1668621030.439,
    "Name": "/aws/service/ami-amazon-linux-latest/amzn2-ami-minimal-hvm-arm64-ebs",
    "Type": "String",
    "Value": "ami-0393da3ac7907b5a2",
    "Version": 43
  },
  {
    "ARN": "arn:aws:ssm:us-west-1::parameter/aws/service/ami-amazon-linux-latest/al2022-ami-kernel-5.15-arm64",
    "DataType": "text",
    "LastModifiedDate": 1667590634.058,
    "Name": "/aws/service/ami-amazon-linux-latest/al2022-ami-kernel-5.15-arm64",
    "Type": "String",
    "Value": "ami-0c7e22aa6a4a9a80a",
    "Version": 15
  },
  {
    "ARN": "arn:aws:ssm:us-west-1::parameter/aws/service/ami-amazon-linux-latest/al2022-ami-kernel-default-arm64",
    "DataType": "text",
    "LastModifiedDate": 1667590634.358,
    "Name": "/aws/service/ami-amazon-linux-latest/al2022-ami-kernel-default-arm64",
    "Type": "String",
    "Value": "ami-0c7e22aa6a4a9a80a",
    "Version": 15
  },
  {
    "ARN": "arn:aws:ssm:us-west-1::parameter/aws/service/ami-amazon-linux-latest/al2022-ami-minimal-kernel-default-arm64",
    "DataType": "text",
    "LastModifiedDate": 1667590634.475,
    "Name": "/aws/service/ami-amazon-linux-latest/al2022-ami-minimal-kernel-default-arm64",
    "Type": "String",
    "Value": "ami-0e78c29de65913257",
    "Version": 15
  },
  {
    "ARN": "arn:aws:ssm:us-west-1::parameter/aws/service/ami-amazon-linux-latest/amzn-ami-pv-x86_64-ebs",
    "DataType": "text",
    "LastModifiedDate": 1667494977.086,
    "Name": "/aws/service/ami-amazon-linux-latest/amzn-ami-pv-x86_64-ebs",
    "Type": "String",
    "Value": "ami-0e1099d22f7bb80a4",
    "Version": 50
  },
  {
    "ARN": "arn:aws:ssm:us-west-1::parameter/aws/service/ami-amazon-linux-latest/amzn2-ami-minimal-hvm-x86_64-ebs",
    "DataType": "text",
    "LastModifiedDate": 1668621030.522,
    "Name": "/aws/service/ami-amazon-linux-latest/amzn2-ami-minimal-hvm-x86_64-ebs",
    "Type": "String",
    "Value": "ami-0ec8232448fbd0e2e",
    "Version": 76
  }
]