[
  {
    "ARN": "arn:aws:ssm:ap-southeast-1::parameter/aws/service/ami-amazon-linux-latest/al2022-ami-kernel-default-x86_64",
    "DataType": "text",
    "LastModifiedDate": 1667590605.538,
    "Name": "/aws/service/ami-amazon-linux-latest/al2022-ami-kernel-default-x86_64",
    "Type": "String",
    "Value": "ami-03822234aa0683b5c",
    "Version": 18
  },
  {
    "ARN": "arn:aws:ssm:ap-southeast-1::parameter/aws/service/ami-amazon-linux-latest/al2022-ami-minimal-kernel-5.15-x86_64",
    "DataType": "text",
    "LastModifiedDate": 1667590605.088,
    "Name": "/aws/service/ami-amazon-linux-latest/al2022-ami-minimal-kernel-5.15-x86_64",
    "Type": "String",
    "Value": "ami-0838b03fb62cd8ada",
    "Version": 19
  },
  {
    "ARN": "arn:aws:ssm:ap-southeast-1::parameter/aws/service/ami-amazon-linux-latest/amzn-ami-hvm-x86_64-ebs",
    "DataType": "text",
    "LastModifiedDate": 1667494947.607,
    "Name": "/aws/service/ami-amazon-linux-latest/amzn-ami-hvm-x86_64-ebs",
    "Type": "String",
    "Value": "ami-04a324e6087d5d6bb",
    "Version": 49
  },
  {
    "ARN": "arn:aws:ssm:ap-southeast-1::parameter/aws/service/ami-amazon-linux-latest/amzn-ami-hvm-x86_64-gp2",
    "DataType": "text",
    "LastModifiedDate": 1667494947.828,
    "Name": "/aws/service/ami-amazon-linux-latest/amzn-ami-hvm-x86_64-gp2",
    "Type": "String",
    "Value": "ami-00505f87c5f9e4c76",
    "Version": 49
  },
  {
    "ARN": "arn:aws:ssm:ap-southeast-1::parameter/aws/service/ami-amazon-linux-latest/amzn-ami-hvm-x86_64-s3",
    "DataType": "text",
    "LastModifiedDate": 1667494948.057,
    "Name": "/aws/service/ami-amazon-linux-latest/amzn-ami-hvm-x86_64-s3",
    "Type": "String",
    "Value": "ami-015f6c850d7bf3555",
    "Version": 49
  },
  {
    "ARN": "arn:aws:ssm:ap-southeast-1::parameter/aws/service/ami-amazon-linux-latest/amzn-ami-minimal-hvm-x86_64-s3",
    "DataType": "text",
    "LastModifiedDate": 1667494948.496,
    "Name": "/aws/service/ami-amazon-linux-latest/amzn-ami-minimal-hvm-x86_64-s3",
    "Type": "String",
    "Value": "ami-04664ab2a1a4e9192",
    "Version": 49
  },
  {
    "ARN": "arn:aws:ssm:ap-southeast-1::parameter/aws/service/ami-amazon-linux-latest/amzn2-ami-hvm-arm64-gp2",
    "DataType": "text",
    "LastModifiedDate": 1668620995.901,
    "Name": "/aws/service/ami-amazon-linux-latest/amzn2-ami-hvm-arm64-gp2",
    "Type": "String",
    "Value": "ami-0404d25daac16f674",
    "Version": 58
  },
  {
    "ARN": "arn:aws:ssm:ap-southeast-1::parameter/aws/service/ami-amazon-linux-latest/amzn2-ami-hvm-x86_64-ebs",
    "DataType": "text",
    "LastModifiedDate": 1668620996.119,
    "Name": "/aws/service/ami-amazon-linux-latest/amzn2-ami-hvm-x86_64-ebs",
    "Type": "String",
    "Value": "ami-0786899d6dd5a6f33",
    "Version": 76
  },
  {
    "ARN": "arn:aws:ssm:ap-southeast-1::parameter/aws/service/ami-amazon-linux-latest/amzn2-ami-hvm-x86_64-gp2",
    "DataType": "text",
    "LastModifiedDate": 1668620996.343,
    "Name": "/aws/service/ami-amazon-linux-latest/amzn2-ami-hvm-x86_64-gp2",
    "Type": "String",
    "Value": "ami-009c33adf2a03baf9",
    "Version": 76
  },
  {
    "ARN": "arn:aws:ssm:ap-southeast-1::parameter/aws/service/ami-amazon-linux-latest/amzn2-ami-kernel-5.10-hvm-x86_64-ebs",
    "DataType": "text",
    "LastModifiedDate": 1668620996.768,
    "Name": "/aws/service/ami-amazon-linux-latest/amzn2-ami-kernel-5.10-hvm-x86_64-ebs",
    "Type": "String",
    "Value": "ami-0ff93cc261edca086",
    "Version": 27
  },
  {
    "ARN": "arn:aws:ssm:ap-southeast-1::parameter/aws/service/ami-amazon-linux-latest/al2022-ami-kernel-5.15-x86_64",
    "DataType": "text",
    "LastModifiedDate": 1667590604.664,
    "Name": "/aws/service/ami-amazon-linux-latest/al2022-ami-kernel-5.15-x86_64",
    "Type": "String",
    "Value": "ami-03822234aa0683b5c",
    "Version": 19
  },
  {
    "ARN": "arn:aws:ssm:ap-southeast-1::parameter/aws/service/ami-amazon-linux-latest/al2022-ami-minimal-kernel-5.15-arm64",
    "DataType": "text",
    "LastModifiedDate": 1667590604.881,
    "Name": "/aws/service/ami-amazon-linux-latest/al2022-ami-minimal-kernel-5.15-arm64",
    "Type": "String",
    "Value": "ami-0b4eca8f7052c5421",
    "Version": 15
  },
  {
    "ARN": "arn:aws:ssm:ap-southeast-1::parameter/aws/service/ami-amazon-linux-latest/al2022-ami-minimal-kernel-default-x86_64",
    "DataType": "text",
    "LastModifiedDate": 1667590605.991,
    "Name": "/aws/service/ami-amazon-linux-latest/al2022-ami-minimal-kernel-default-x86_64",
    "Type": "String",
    "Value": "ami-0838b03fb62cd8ada",
    "Version": 18
  },
  {
    "ARN": "arn:aws:ssm:ap-southeast-1::parameter/aws/service/ami-amazon-linux-latest/amzn-ami-minimal-hvm-x86_64-ebs",
    "DataType": "text",
    "LastModifiedDate": 1667494948.288,
    "Name": "/aws/service/ami-amazon-linux-latest/amzn-ami-minimal-hvm-x86_64-ebs",
    "Type": "String",
    "Value": "ami-01bc8c667b35f8552",
    "Version": 49
  },
  {
    "ARN": "arn:aws:ssm:ap-southeast-1::parameter/aws/service/ami-amazon-linux-latest/amzn-ami-minimal-pv-x86_64-ebs",
    "DataType": "text",
    "LastModifiedDate": 1667494948.73,
    "Name": "/aws/service/ami-amazon-linux-latest/amzn-ami-minimal-pv-x86_64-ebs",
    "Type": "String",
    "Value": "ami-00daeb48015929fbd",
    "Version": 49
  },
  {
    "ARN": "arn:aws:ssm:ap-southeast-1::parameter/aws/service/ami-amazon-linux-latest/amzn-ami-minimal-pv-x86_64-s3",
    "DataType": "text",
    "LastModifiedDate": 1667494948.936,
    "Name": "/aws/service/ami-amazon-linux-latest/amzn-ami-minimal-pv-x86_64-s3",
    "Type": "String",
    "Value": "ami-0b3a45403fb2888ee",
    "Version": 49
  },
  {
    "ARN": "arn:aws:ssm:ap-southeast-1::parameter/aws/service/ami-amazon-linux-latest/amzn-ami-pv-x86_64-s3",
    "DataType": "text",
    "LastModifiedDate": 1667494949.356,
    "Name": "/aws/service/ami-amazon-linux-latest/amzn-ami-pv-x86_64-s3",
    "Type": "String",
    "Value": "ami-04bbc08844f2c725e",
    "Version": 49
  },
  {
    "ARN": "arn:aws:ssm:ap-southeast-1::parameter/aws/service/ami-amazon-linux-latest/amzn2-ami-kernel-5.10-hvm-arm64-gp2",
    "DataType": "text",
    "LastModifiedDate": 1668620996.55,
    "Name": "/aws/service/ami-amazon-linux-latest/amzn2-ami-kernel-5.10-hvm-arm64-gp2",
    "Type": "String",
    "Value": "ami-00c19932db959235a",
    "Version": 27
  },
  {
    "ARN": "arn:aws:ssm:ap-southeast-1::parameter/aws/service/ami-amazon-linux-latest/amzn2-ami-kernel-5.10-hvm-x86_64-gp2",
    "DataType": "text",
    "LastModifiedDate": 1668620996.975,
    "Name": "/aws/service/ami-amazon-linux-latest/amzn2-ami-kernel-5.10-hvm-x86_64-gp2",
    "Type": "String",
    "Value": "ami-0af2f764c580cc1f9",
    "Version": 27
  },
  {
    "ARN": "arn:aws:ssm:ap-southeast-1::parameter/aws/service/ami-amazon-linux-latest/amzn2-ami-minimal-hvm-arm64-ebs",
    "DataType": "text",
    "LastModifiedDate": 1668620997.193,
    "Name": "/aws/service/ami-amazon-linux-latest/amzn2-ami-minimal-hvm-arm64-ebs",
    "Type": "String",
    "Value": "ami-0121a2803d4df7c2d",
    "Version": 58
  },
  {
    "ARN": "arn:aws:ssm:ap-southeast-1::parameter/aws/service/ami-amazon-linux-latest/al2022-ami-kernel-5.15-arm64",
    "DataType": "text",
    "LastModifiedDate": 1667590604.442,
    "Name": "/aws/service/ami-amazon-linux-latest/al2022-ami-kernel-5.15-arm64",
    "Type": "String",
    "Value": "ami-0cc1388aa7c7777da",
    "Version": 15
  },
  {
    "ARN": "arn:aws:ssm:ap-southeast-1::parameter/aws/service/ami-amazon-linux-latest/al2022-ami-kernel-default-arm64",
    "DataType": "text",
    "LastModifiedDate": 1667590605.315,
    "Name": "/aws/service/ami-amazon-linux-latest/al2022-ami-kernel-default-arm64",
    "Type": "String",
    "Value": "ami-0cc1388aa7c7777da",
    "Version": 15
  },
  {
    "ARN": "arn:aws:ssm:ap-southeast-1::parameter/aws/service/ami-amazon-linux-latest/al2022-ami-minimal-kernel-default-arm64",
    "DataType": "text",
    "LastModifiedDate": 1667590605.761,
    "Name": "/aws/service/ami-amazon-linux-latest/al2022-ami-minimal-kernel-default-arm64",
    "Type": "String",
    "Value": "ami-0b4eca8f7052c5421",
    "Version": 15
  },
  {
    "ARN": "arn:aws:ssm:ap-southeast-1::parameter/aws/service/ami-amazon-linux-latest/amzn-ami-pv-x86_64-ebs",
    "DataType": "text",
    "LastModifiedDate": 1667494949.15,
    "Name": "/aws/service/ami-amazon-linux-latest/amzn-ami-pv-x86_64-ebs",
    "Type": "String",
    "Value": "ami-02c27811e301ee8c7",
    "Version": 49
  },
  {
    "ARN": "arn:aws:ssm:ap-southeast-1::parameter/aws/service/ami-amazon-linux-latest/amzn2-ami-minimal-hvm-x86_64-ebs",
    "DataType": "text",
    "LastModifiedDate": 1668620997.396,
    "Name": "/aws/service/ami-amazon-linux-latest/amzn2-ami-minimal-hvm-x86_64-ebs",
    "Type": "String",
    "Value": "ami-09ff3a0eced92d5ca",
    "Version": 76
  }
]