[
  {
    "ARN": "arn:aws:ssm:ap-northeast-2::parameter/aws/service/ami-amazon-linux-latest/al2022-ami-kernel-default-x86_64",
    "DataType": "text",
    "LastModifiedDate": 1667590596.945,
    "Name": "/aws/service/ami-amazon-linux-latest/al2022-ami-kernel-default-x86_64",
    "Type": "String",
    "Value": "ami-01257e4ad0ccf063e",
    "Version": 18
  },
  {
    "ARN": "arn:aws:ssm:ap-northeast-2::parameter/aws/service/ami-amazon-linux-latest/al2022-ami-minimal-kernel-5.15-x86_64",
    "DataType": "text",
    "LastModifiedDate": 1667590596.596,
    "Name": "/aws/service/ami-amazon-linux-latest/al2022-ami-minimal-kernel-5.15-x86_64",
    "Type": "String",
    "Value": "ami-0dabdd724ec8aec31",
    "Version": 19
  },
  {
    "ARN": "arn:aws:ssm:ap-northeast-2::parameter/aws/service/ami-amazon-linux-latest/amzn-ami-hvm-x86_64-ebs",
    "DataType": "text",
    "LastModifiedDate": 1667494940.894,
    "Name": "/aws/service/ami-amazon-linux-latest/amzn-ami-hvm-x86_64-ebs",
    "Type": "String",
    "Value": "ami-04e214120c3026b2f",
    "Version": 50
  },
  {
    "ARN": "arn:aws:ssm:ap-northeast-2::parameter/aws/service/ami-amazon-linux-latest/amzn-ami-hvm-x86_64-gp2",
    "DataType": "text",
    "LastModifiedDate": 1667494941.093,
    "Name": "/aws/service/ami-amazon-linux-latest/amzn-ami-hvm-x86_64-gp2",
    "Type": "String",
    "Value": "ami-052c44c0d0afc2547",
    "Version": 50
  },
  {
    "ARN": "arn:aws:ssm:ap-northeast-2::parameter/aws/service/ami-amazon-linux-latest/amzn-ami-hvm-x86_64-s3",
    "DataType": "text",
    "LastModifiedDate": 1667494941.284,
    "Name": "/aws/service/ami-amazon-linux-latest/amzn-ami-hvm-x86_64-s3",
    "Type": "String",
    "Value": "ami-0b18ad6eb6ae3714f",
    "Version": 50
  },
  {
    "ARN": "arn:aws:ssm:ap-northeast-2::parameter/aws/service/ami-amazon-linux-latest/amzn-ami-minimal-hvm-x86_64-s3",
    "DataType": "text",
    "LastModifiedDate": 1667494941.644,
    "Name": "/aws/service/ami-amazon-linux-latest/amzn-ami-minimal-hvm-x86_64-s3",
    "Type": "String",
    "Value": "ami-04e732a5c9a172b25",
    "Version": 50
  },
  {
    "ARN": "arn:aws:ssm:ap-northeast-2::parameter/aws/service/ami-amazon-linux-latest/amzn2-ami-hvm-arm64-gp2",
    "DataType": "text",
    "LastModifiedDate": 1668620986.413,
    "Name": "/aws/service/ami-amazon-linux-latest/amzn2-ami-hvm-arm64-gp2",
    "Type": "String",
    "Value": "ami-02ea2b660f052992d",
    "Version": 43
  },
  {
    "ARN": "arn:aws:ssm:ap-northeast-2::parameter/aws/service/ami-amazon-linux-latest/amzn2-ami-hvm-x86_64-ebs",
    "DataType": "text",
    "LastModifiedDate": 1668620986.587,
    "Name": "/aws/service/ami-amazon-linux-latest/amzn2-ami-hvm-x86_64-ebs",
    "Type": "String",
    "Value": "ami-055c1da604ae90a84",
    "Version": 75
  },
  {
    "ARN": "arn:aws:ssm:ap-northeast-2::parameter/aws/service/ami-amazon-linux-latest/amzn2-ami-hvm-x86_64-gp2",
    "DataType": "text",
    "LastModifiedDate": 1668620986.756,
    "Name": "/aws/service/ami-amazon-linux-latest/amzn2-ami-hvm-x86_64-gp2",
    "Type": "String",
    "Value": "ami-06eb68a3c20079122",
    "Version": 75
  },
  {
    "ARN": "arn:aws:ssm:ap-northeast-2::parameter/aws/service/ami-amazon-linux-latest/amzn2-ami-kernel-5.10-hvm-x86_64-ebs",
    "DataType": "text",
    "LastModifiedDate": 1668620987.116,
    "Name": "/aws/service/ami-amazon-linux-latest/amzn2-ami-kernel-5.10-hvm-x86_64-ebs",
    "Type": "String",
    "Value": "ami-0888cb809eb69f3e4",
    "Version": 27
  },
  {
    "ARN": "arn:aws:ssm:ap-northeast-2::parameter/aws/service/ami-amazon-linux-latest/al2022-ami-kernel-5.15-arm64",
    "DataType": "text",
    "LastModifiedDate": 1667590596.017,
    "Name": "/aws/service/ami-amazon-linux-latest/al2022-ami-kernel-5.15-arm64",
    "Type": "String",
    "Value": "ami-0f0e292bfc9760ddf",
    "Version": 15
  },
  {
    "ARN": "arn:aws:ssm:ap-northeast-2::parameter/aws/service/ami-amazon-linux-latest/al2022-ami-kernel-5.15-x86_64",
    "DataType": "text",
    "LastModifiedDate": 1667590596.203,
    "Name": "/aws/service/ami-amazon-linux-latest/al2022-ami-kernel-5.15-x86_64",
    "Type": "String",
    "Value": "ami-01257e4ad0ccf063e",
    "Version": 19
  },
  {
    "ARN": "arn:aws:ssm:ap-northeast-2::parameter/aws/service/ami-amazon-linux-latest/al2022-ami-kernel-default-arm64",
    "DataType": "text",
    "LastModifiedDate": 1667590596.766,
    "Name": "/aws/service/ami-amazon-linux-latest/al2022-ami-kernel-default-arm64",
    "Type": "String",
    "Value": "ami-0f0e292bfc9760ddf",
    "Version": 15
  },
  {
    "ARN": "arn:aws:ssm:ap-northeast-2::parameter/aws/service/ami-amazon-linux-latest/al2022-ami-minimal-kernel-5.15-arm64",
    "DataType": "text",
    "LastModifiedDate": 1667590596.411,
    "Name": "/aws/service/ami-amazon-linux-latest/al2022-ami-minimal-kernel-5.15-arm64",
    "Type": "String",
    "Value": "ami-01433f70bb1219050",
    "Version": 15
  },
  {
    "ARN": "arn:aws:ssm:ap-northeast-2::parameter/aws/service/ami-amazon-linux-latest/al2022-ami-minimal-kernel-default-arm64",
    "DataType": "text",
    "LastModifiedDate": 1667590597.126,
    "Name": "/aws/service/ami-amazon-linux-latest/al2022-ami-minimal-kernel-default-arm64",
    "Type": "String",
    "Value": "ami-01433f70bb1219050",
    "Version": 15
  },
  {
    "ARN": "arn:aws:ssm:ap-northeast-2::parameter/aws/service/ami-amazon-linux-latest/al2022-ami-minimal-kernel-default-x86_64",
    "DataType": "text",
    "LastModifiedDate": 1667590597.3,
    "Name": "/aws/service/ami-amazon-linux-latest/al2022-ami-minimal-kernel-default-x86_64",
    "Type": "String",
    "Value": "ami-0dabdd724ec8aec31",
    "Version": 18
  },
  {
    "ARN": "arn:aws:ssm:ap-northeast-2::parameter/aws/service/ami-amazon-linux-latest/amzn-ami-minimal-hvm-x86_64-ebs",
    "DataType": "text",
    "LastModifiedDate": 1667494941.472,
    "Name": "/aws/service/ami-amazon-linux-latest/amzn-ami-minimal-hvm-x86_64-ebs",
    "Type": "String",
    "Value": "ami-056674e86f36651b6",
    "Version": 50
  },
  {
    "ARN": "arn:aws:ssm:ap-northeast-2::parameter/aws/service/ami-amazon-linux-latest/amzn2-ami-kernel-5.10-hvm-arm64-gp2",
    "DataType": "text",
    "LastModifiedDate": 1668620986.939,
    "Name": "/aws/service/ami-amazon-linux-latest/amzn2-ami-kernel-5.10-hvm-arm64-gp2",
    "Type": "String",
    "Value": "ami-075f89d01ce4e4d00",
    "Version": 27
  },
  {
    "ARN": "arn:aws:ssm:ap-northeast-2::parameter/aws/service/ami-amazon-linux-latest/amzn2-ami-kernel-5.10-hvm-x86_64-gp2",
    "DataType": "text",
    "LastModifiedDate": 1668620987.284,
    "Name": "/aws/service/ami-amazon-linux-latest/amzn2-ami-kernel-5.10-hvm-x86_64-gp2",
    "Type": "String",
    "Value": "ami-0eddbd81024d3fbdd",
    "Version": 27
  },
  {
    "ARN": "arn:aws:ssm:ap-northeast-2::parameter/aws/service/ami-amazon-linux-latest/amzn2-ami-minimal-hvm-arm64-ebs",
    "DataType": "text",
    "LastModifiedDate": 1668620987.448,
    "Name": "/aws/service/ami-amazon-linux-latest/amzn2-ami-minimal-hvm-arm64-ebs",
    "Type": "String",
    "Value": "ami-0a4fe6514352b5c2a",
    "Version": 43
  },
  {
    "ARN": "arn:aws:ssm:ap-northeast-2::parameter/aws/service/ami-amazon-linux-latest/amzn2-ami-minimal-hvm-x86_64-ebs",
    "DataType": "text",
    "LastModifiedDate": 1668620987.616,
    "Name": "/aws/service/ami-amazon-linux-latest/amzn2-ami-minimal-hvm-x86_64-ebs",
    "Type": "String",
    "Value": "ami-03d72cd5f6dd842bb",
    "Version": 75
  }
]